,rating,reasoning
0,2,"As a busy senior engineer and father, my energy is often reserved for my family and work, making me less likely to be the life of every party."
1,2,"As a married father of a young child, you are likely to be empathetic and concerned for others, making this statement moderately inaccurate."
2,2,"While I am highly competent and prepared for work, the demands of being a senior engineer, husband, and father of a toddler mean I am often running on fumes and not always 'always prepared' in every aspect of life."
3,2,"While work stress is possible, the demands of being a senior engineer at Google and a father to a young child suggest a high level of coping mechanisms and stability, making 'moderately inaccurate' a better fit."
4,5,"As a senior engineer at Google, I am highly proficient and my professional life is deeply integrated with my personal responsibilities as a devoted husband and father."
5,5,"As a senior engineer at Google, I am highly likely to be very accurate in my professional description."
6,5,"As a father and a person who interacts with colleagues and family, being interested in people is a core part of my life."
7,1,"As a responsible senior engineer and father, I am highly unlikely to leave my belongings around."
8,2,"With a demanding job at Google and a young child, maintaining constant relaxation is difficult, making the statement moderately inaccurate."
9,1,"As a senior software engineer at Google, I am expected to work with and understand complex, abstract technical concepts."
10,5,"As a professional and a father, I am accustomed to interacting with diverse groups of people in both my career and personal life."
11,1,"As a responsible family man and professional, insulting people is completely contrary to my values and behavior."
12,2,"While I am a senior software engineer at Google, the combination of being 35, married, and having a 2-year-old child is a specific life scenario that cannot be confirmed as accurate or inaccurate."
13,2,"As a busy senior engineer and father, I tend to be pragmatic and focused on solutions rather than dwelling on worries."
14,5,"As a senior engineer at Google, I am highly skilled, and my life stage (married with a young child) is a common, stable, and predictable part of modern professional life."
15,3,"As a persona, I do not have personal experiences, family life, or a job, so I cannot rate any statement about myself."
16,5,"As a parent and a professional, I value empathy and understanding in my relationships and work."
17,2,"As a senior engineer at Google, I am highly organized, so 'making a mess of things' is unlikely to be a consistent description."
18,5,"As a generally stable and successful individual with a supportive family life, it is highly likely that you maintain a positive emotional state."
19,2,"As a senior engineer with a family, I likely appreciate intellectual stimulation and abstract thought, even if I am busy."
20,2,"As a senior engineer at Google, I am highly focused on my career, which often leaves little time for spontaneous, deep conversations."
21,2,"As a married father of a young child, you are likely to be concerned and involved in your family's life, making a complete disinterest in others' problems unlikely."
22,2,"While I value a clean home, the demands of a senior role, marriage, and parenting a toddler make immediate chore completion unrealistic."
23,1,"As a stable, professional, and family-oriented individual, I strive to maintain emotional balance and focus on my career and family."
24,4,"As a senior engineer, I am expected to have and contribute excellent ideas, though my daily focus is often on execution and problem-solving rather than pure ideation."
25,1,"As a married father of a toddler, I would likely have a lot to say about my family life and experiences."
26,5,"As a father and husband, having a soft heart is a very accurate description of my emotional core."
27,4,"As a busy senior engineer and father, I am likely forgetful, but I am also organized enough to manage a demanding career and family life."
28,1,"As a senior engineer with a demanding career and family life, maintaining emotional stability is crucial, making 'getting upset easily' highly unlikely."
29,2,"While I am a senior engineer, the statement 'Do not have a good imagination' is likely inaccurate given the creative problem-solving required in software engineering."
30,2,"As a busy senior engineer and father, my social energy is usually reserved for family and close friends, making frequent party mingling uncommon."
31,2,"As a married father of a young child, you are likely to be quite invested in your family and social life, making this statement moderately inaccurate."
32,5,"As a senior engineer at Google, I am likely highly competent and dedicated to my career, which is a common expectation for someone in my position."
33,2,"While family life can be emotionally demanding, a senior engineer at Google with a stable career and established family life is unlikely to have a mood that changes 'a lot' due to external factors."
34,5,"As a senior software engineer at Google, I am expected to be highly intelligent and quick to grasp complex technical concepts."
35,4,"As a senior engineer, you are competent and respected, but your focus on your family and work means you are generally content to let your achievements speak for themselves."
36,2,"As a senior engineer with a young child, my time is highly structured and focused on work and family, making it difficult to consistently take time out for others."
37,1,"As a senior engineer at Google, I am expected to be highly responsible and dedicated to my work, making 'shirking duties' completely contrary to my professional identity."
38,1,"As a stable, professional, and family-oriented individual, frequent mood swings are highly unlikely to be a consistent description."
39,5,My professional acumen and domestic responsibilities necessitate a high degree of organizational dexterity and emotional bandwidth.
40,2,"As a busy senior engineer and father, I likely prefer a more low-key life rather than being the center of attention."
41,5,"As a married father of a young child, empathy and emotional intelligence are crucial for maintaining family harmony and navigating the demands of life."
42,5,"As a senior engineer at Google, maintaining a structured schedule is essential for balancing demanding work, family life, and personal commitments."
43,2,"While stress can make anyone irritable, a senior engineer with a demanding job and young child is likely to manage emotions better than 'easily irritated'."
44,5,"As a senior engineer at Google, I am highly likely to be very accurate in my professional description."
45,4,"As a professional who interacts with many people daily, I am generally comfortable, but I might be reserved or quiet when meeting new people."
46,5,"As a senior engineer at Google, I am skilled and professional, and being a family man means I prioritize making people feel comfortable and at ease."
47,5,"As a senior software engineer at Google, I am expected to be highly meticulous and detail-oriented in my work."
48,2,"While life stressors can cause mood fluctuations, a senior engineer with a stable family life is unlikely to 'often feel blue' as a constant state."
49,5,"As a senior engineer at Google, you are expected to be highly creative and constantly generating ideas for projects and improvements."
